{"cameraMode":{"drawMode":0,"name":"Shaded","section":"Shading Mode"},"sceneLighting":true,"audioPlay":false,"sceneViewState":{"showFog":false,"showMaterialUpdate":false,"showSkybox":false,"showFlares":false,"showImageEffects":false,"showParticleSystems":false},"in2DMode":false,"pivot":{"x":-6.119999885559082,"y":7.459999084472656,"z":10.4399995803833},"rotation":{"x":0.08561868220567703,"y":0.16952548921108247,"z":-0.014813097193837166,"w":0.9816996455192566},"size":13.19654655456543,"orthographic":true}