{"cameraMode":{"drawMode":0,"name":"Shaded","section":"Shading Mode"},"sceneLighting":true,"audioPlay":false,"sceneViewState":{"showFog":false,"showMaterialUpdate":false,"showSkybox":false,"showFlares":false,"showImageEffects":false,"showParticleSystems":false},"in2DMode":false,"pivot":{"x":-2.6214916706085207,"y":3.307950973510742,"z":-4.391808032989502},"rotation":{"x":0.04164151847362518,"y":-0.44391587376594546,"z":0.020656805485486985,"w":0.8948659896850586},"size":11.758182525634766,"orthographic":true}