{"cameraMode":{"drawMode":0,"name":"Shaded","section":"Shading Mode"},"sceneLighting":true,"audioPlay":false,"sceneViewState":{"showFog":false,"showMaterialUpdate":false,"showSkybox":false,"showFlares":false,"showImageEffects":false,"showParticleSystems":false},"in2DMode":false,"pivot":{"x":-4.869999885559082,"y":0.16242218017578126,"z":0.8799991607666016},"rotation":{"x":0.06982343643903732,"y":-0.6509454250335693,"z":0.06031520292162895,"w":0.7535052299499512},"size":13.83197021484375,"orthographic":true}