{"cameraMode":{"drawMode":0,"name":"Shaded","section":"Shading Mode"},"sceneLighting":true,"audioPlay":false,"sceneViewState":{"showFog":false,"showMaterialUpdate":false,"showSkybox":false,"showFlares":false,"showImageEffects":false,"showParticleSystems":false},"in2DMode":false,"pivot":{"x":1.747354507446289,"y":9.068493843078614,"z":-7.718576431274414},"rotation":{"x":0.17164330184459687,"y":-0.34711870551109316,"z":0.06477076560258866,"w":0.9197152256965637},"size":19.841346740722658,"orthographic":true}