{"cameraMode":{"drawMode":0,"name":"Shaded","section":"Shading Mode"},"sceneLighting":true,"audioPlay":false,"sceneViewState":{"showFog":false,"showMaterialUpdate":false,"showSkybox":false,"showFlares":false,"showImageEffects":false,"showParticleSystems":false},"in2DMode":false,"pivot":{"x":-4.869999885559082,"y":0.16242218017578126,"z":0.8799991607666016},"rotation":{"x":0.5336906909942627,"y":0.03169506788253784,"z":-0.020021166652441026,"w":0.8448565602302551},"size":14.939460754394532,"orthographic":true}