{"cameraMode":{"drawMode":0,"name":"Shaded","section":"Shading Mode"},"sceneLighting":true,"audioPlay":false,"sceneViewState":{"showFog":false,"showMaterialUpdate":false,"showSkybox":false,"showFlares":false,"showImageEffects":false,"showParticleSystems":false},"in2DMode":false,"pivot":{"x":-6.119999885559082,"y":7.460000038146973,"z":10.4399995803833},"rotation":{"x":0.4620625972747803,"y":-0.5369917750358582,"z":0.4767019748687744,"w":0.5204858183860779},"size":36.4094352722168,"orthographic":true}