{"cameraMode":{"drawMode":0,"name":"Shaded","section":"Shading Mode"},"sceneLighting":true,"audioPlay":false,"sceneViewState":{"showFog":false,"showMaterialUpdate":false,"showSkybox":false,"showFlares":false,"showImageEffects":false,"showParticleSystems":false},"in2DMode":false,"pivot":{"x":-4.869999885559082,"y":0.16242218017578126,"z":0.8799991607666016},"rotation":{"x":0.010073713958263398,"y":0.7521216869354248,"z":-0.6588625907897949,"w":0.01151400338858366},"size":19.60520362854004,"orthographic":true}